{
    "angles": {
        "omega": 0.009999999776482582,
        "phi": 0.009999999776482582,
        "psi": 0.009999999776482582
    },
    "camera3D": {
        "pitch": 0,
        "roll": 0,
        "rot_w": 0.7287779450416565,
        "rot_x": -0.5467273592948914,
        "rot_y": 0.2812644839286804,
        "rot_z": -0.3014335036277771,
        "x": 0,
        "y": -0.7500001192092896,
        "yaw": 0,
        "z": 4
    },
    "colors": {
        "b": 0.20000000298023224,
        "g": 0.800000011920929,
        "r": 0.20000000298023224
    },
    "constants": {
        "A": 0.5,
        "B": 3,
        "C": 1,
        "D": 0,
        "E": 0,
        "F": 0,
        "S": 0
    },
    "equations": {
        "defU": "",
        "defV": "",
        "defW": "",
        "explicitU": "",
        "explicitV": "",
        "explicitW": "u+v",
        "p": "A*u*v",
        "x": "A*exp(B*w)*u",
        "y": "A*exp(-B*w)*v",
        "z": "A*w"
    },
    "lightIntensity": 1,
    "lightingMode": 1,
    "limits": {
        "uMax": 1,
        "uMin": -1,
        "vMax": 1,
        "vMin": -1,
        "wMax": 0,
        "wMin": 0
    },
    "name": "SOLSlice",
    "projectionMode": 1,
    "renderMode": 1,
    "showBorder": false,
    "steps": 100,
    "type": "surface",
    "use4DLighting": true
}
