{
    "angles": {
        "omega": 0.10000000149011612,
        "phi": 0.10000000149011612,
        "psi": 0.10000000149011612
    },
    "camera3D": {
        "pitch": 0,
        "roll": 0,
        "rot_w": 0.7647914290428162,
        "rot_x": 0.1126699447631836,
        "rot_y": 0.6261698007583618,
        "rot_z": 0.10154268890619278,
        "x": 0,
        "y": 0,
        "yaw": 0,
        "z": 2.8000001907348633
    },
    "colors": {
        "b": 0.20000000298023224,
        "g": 0.800000011920929,
        "r": 0.20000000298023224
    },
    "constants": {
        "A": 0.800000011920929,
        "B": 0.30000001192092896,
        "C": 1,
        "D": 1,
        "E": 1,
        "F": 1,
        "S": 0
    },
    "equations": {
        "defU": "A * cos(u) * cos(v)",
        "defV": "A * sin(u) * cos(v)",
        "defW": "A * sin(v)",
        "explicitU": "",
        "explicitV": "",
        "explicitW": "",
        "p": "0.0",
        "x": "U * exp(W)",
        "y": "V * exp(-W)",
        "z": "W"
    },
    "lightIntensity": 1,
    "lightingMode": 0,
    "limits": {
        "uMax": 6.2831854820251465,
        "uMin": 0,
        "vMax": 1.5707963705062866,
        "vMin": -1.5707963705062866,
        "wMax": 0.10000000149011612,
        "wMin": 0
    },
    "name": "Sphere",
    "projectionMode": 1,
    "renderMode": 1,
    "showBorder": false,
    "steps": 100,
    "type": "surface",
    "use4DLighting": false
}
