{
    "angles": {
        "omega": 0.10000000149011612,
        "phi": 0.9999993443489075,
        "psi": 0.7399995923042297
    },
    "camera3D": {
        "pitch": 0,
        "roll": 0,
        "rot_w": -0.05933741107583046,
        "rot_x": 0.3135417401790619,
        "rot_y": -0.809563398361206,
        "rot_z": 0.4927246868610382,
        "x": 0,
        "y": 0,
        "yaw": 0,
        "z": 4
    },
    "colors": {
        "b": 0.20000000298023224,
        "g": 0.800000011920929,
        "r": 0.20000000298023224
    },
    "constants": {
        "A": 0.8999999761581421,
        "B": 0.4000000059604645,
        "C": 1,
        "D": 1,
        "E": 1,
        "F": 1,
        "S": 0
    },
    "equations": {
        "defU": "(A+B * cos(u) )* cos(v)",
        "defV": "(A +B* cos(u)) * sin(v)",
        "defW": "B * sin(u)",
        "explicitU": "",
        "explicitV": "",
        "explicitW": "",
        "p": "0.0",
        "x": "U * exp(W)",
        "y": "V * exp(-W)",
        "z": "W"
    },
    "lightIntensity": 1,
    "lightingMode": 0,
    "limits": {
        "uMax": 6.28318977355957,
        "uMin": 0,
        "vMax": 6.28318977355957,
        "vMin": 0,
        "wMax": 0.10000000149011612,
        "wMin": 0
    },
    "name": "Torus",
    "projectionMode": 1,
    "renderMode": 1,
    "showBorder": false,
    "steps": 100,
    "type": "surface",
    "use4DLighting": false
}
