{
    "angles": {
        "omega": 0.11999998241662979,
        "phi": -0.28999999165534973,
        "psi": 0.2500000298023224
    },
    "camera3D": {
        "pitch": 0,
        "roll": 0,
        "rot_w": 0.5003259181976318,
        "rot_x": 0.4133790135383606,
        "rot_y": -0.4596053957939148,
        "rot_z": -0.6062629818916321,
        "x": -2.9999983310699463,
        "y": -0.5500000715255737,
        "yaw": 0,
        "z": 4
    },
    "colors": {
        "b": 0.20000000298023224,
        "g": 0.800000011920929,
        "r": 0.20000000298023224
    },
    "constants": {
        "A": 0.25,
        "B": 1,
        "C": 0.5,
        "D": 0,
        "E": 0,
        "F": 0,
        "S": 0
    },
    "equations": {
        "defU": "",
        "defV": "",
        "defW": "",
        "explicitU": "",
        "explicitV": "",
        "explicitW": "",
        "p": "A*(u+v)",
        "x": "A*(B+C*cos(u))*cos(v)",
        "y": "A*(B+C*cos(u))*sin(v)",
        "z": "A*C*sin(u)"
    },
    "lightIntensity": 1,
    "lightingMode": 0,
    "limits": {
        "uMax": 6.28318977355957,
        "uMin": 0,
        "vMax": 6.28318977355957,
        "vMin": -6.28318977355957,
        "wMax": 0,
        "wMin": 0
    },
    "name": "Slice",
    "projectionMode": 1,
    "renderMode": 1,
    "showBorder": false,
    "steps": 100,
    "type": "surface",
    "use4DLighting": true
}
