{
    "angles": {
        "omega": 9.999999747378752e-05,
        "phi": 9.999999747378752e-05,
        "psi": 0.27010002732276917
    },
    "camera3D": {
        "pitch": 0,
        "roll": 0,
        "rot_w": 0.8485065698623657,
        "rot_x": 0.11986081302165985,
        "rot_y": 0.5148669481277466,
        "rot_z": 0.024127408862113953,
        "x": 3.6499977111816406,
        "y": 0,
        "yaw": 0,
        "z": 8.799999237060547
    },
    "colors": {
        "b": 0.20000000298023224,
        "g": 0.800000011920929,
        "r": 0.20000000298023224
    },
    "constants": {
        "A": 1,
        "B": 0.30000001192092896,
        "C": 0.5,
        "D": 0,
        "E": 0,
        "F": 0,
        "S": 0
    },
    "equations": {
        "defU": "u",
        "defV": "v",
        "defW": "u",
        "explicitU": "",
        "explicitV": "",
        "explicitW": "",
        "p": "W",
        "x": "(A+B*cos(V))*cos(U)",
        "y": "(A+B*cos(V))*sin(U)",
        "z": "B*sin(V)"
    },
    "lightIntensity": 1,
    "lightingMode": 0,
    "limits": {
        "uMax": 12.566370964050293,
        "uMin": 0,
        "vMax": 6.2831854820251465,
        "vMin": 0,
        "wMax": 0,
        "wMin": 0
    },
    "name": "Toroidal Helix",
    "projectionMode": 0,
    "renderMode": 1,
    "showBorder": false,
    "steps": 100,
    "type": "surface",
    "use4DLighting": false
}
