{
    "colors": {
        "b": 0.20000000298023224,
        "g": 0.800000011920929,
        "r": 0.20000000298023224
    },
    "constants": {
        "A": 1.2000000476837158,
        "B": 0.10000000149011612,
        "C": 1,
        "D": 1,
        "E": 1,
        "F": 1,
        "S": 0
    },
    "equations": {
        "explicitU": "",
        "explicitV": "",
        "explicitW": "",
        "p": "A * sin(u) * sin(v)",
        "x": "A * cos(2*u) * cos(v)",
        "y": "A * sin(2*u) * cos(v)",
        "z": "A * cos(u) * sin(v)"
    },
    "lightingMode": 1,
    "limits": {
        "uMax": 3.1415927410125732,
        "uMin": 0,
        "vMax": 6.2831854820251465,
        "vMin": 0,
        "wMax": 0.10000000149011612,
        "wMin": 0
    },
    "name": "Klein Bottle",
    "projectionMode": 0,
    "renderMode": 0,
    "showBorder": false,
    "steps": 100,
    "type": "surface",
    "use4DLighting": false
}
