{
    "angles": {
        "omega": 0.009999999776482582,
        "phi": 0.009999999776482582,
        "psi": 0.009999999776482582
    },
    "camera3D": {
        "pitch": 0,
        "roll": 0,
        "rot_w": 0.9516883492469788,
        "rot_x": 0.05901377648115158,
        "rot_y": 0.2568911612033844,
        "rot_z": -0.15752343833446503,
        "x": 0,
        "y": 0,
        "yaw": 0,
        "z": 4
    },
    "colors": {
        "b": 0.20000000298023224,
        "g": 0.800000011920929,
        "r": 0.20000000298023224
    },
    "constants": {
        "A": 1,
        "B": 1,
        "C": 1,
        "D": 0,
        "E": 0,
        "F": 0,
        "S": 0
    },
    "equations": {
        "defU": "",
        "defV": "",
        "defW": "",
        "explicitU": "",
        "explicitV": "",
        "explicitW": "pi/4",
        "p": "sin(w)*sin(v+u)",
        "x": "cos(w)*cos(u)",
        "y": "cos(w)*sin(u)",
        "z": "sin(w)*cos(v+u)"
    },
    "lightIntensity": 1,
    "lightingMode": 0,
    "limits": {
        "uMax": 6.283180236816406,
        "uMin": 0,
        "vMax": 6.283180236816406,
        "vMin": 0,
        "wMax": 0,
        "wMin": 0
    },
    "name": "Clifford Torus",
    "projectionMode": 1,
    "renderMode": 1,
    "showBorder": false,
    "steps": 101,
    "type": "surface",
    "use4DLighting": true
}
