{
    "angles": {
        "omega": 0.009999999776482582,
        "phi": 0.009999999776482582,
        "psi": 0.009999999776482582
    },
    "camera3D": {
        "pitch": 0,
        "roll": 0,
        "rot_w": 0.0790310874581337,
        "rot_x": 0.7524871230125427,
        "rot_y": 0.6499526500701904,
        "rot_z": -0.07126572728157043,
        "x": 0,
        "y": 0,
        "yaw": 0,
        "z": 4
    },
    "colors": {
        "b": 0.20000000298023224,
        "g": 0.800000011920929,
        "r": 0.20000000298023224
    },
    "constants": {
        "A": 1,
        "B": 1.2999999523162842,
        "C": 1.2000000476837158,
        "D": 1,
        "E": 1,
        "F": 1,
        "S": 0
    },
    "equations": {
        "defU": "",
        "defV": "",
        "defW": "",
        "explicitU": "",
        "explicitV": "",
        "explicitW": "",
        "p": "C*sin(v) * sin(A * u+ B * v)",
        "x": "C*cos(v) * cos(u)",
        "y": "C*cos(v) * sin(u)",
        "z": "C*sin(v) * cos(A * u + B * v)"
    },
    "lightingMode": 0,
    "limits": {
        "uMax": 3.141590118408203,
        "uMin": -3.141590118408203,
        "vMax": 3.141590118408203,
        "vMin": -3.141590118408203,
        "wMax": 0,
        "wMin": 0
    },
    "name": "Dynamic Clifford Torus",
    "projectionMode": 1,
    "renderMode": 1,
    "showBorder": false,
    "steps": 100,
    "type": "surface",
    "use4DLighting": false
}
