{
    "angles": {
        "omega": 0.009999999776482582,
        "phi": 0.009999999776482582,
        "psi": 0.7099996209144592
    },
    "camera3D": {
        "pitch": 0,
        "roll": 0,
        "rot_w": 0.286650687456131,
        "rot_x": 0.936016857624054,
        "rot_y": -0.09077426046133041,
        "rot_z": -0.18293175101280212,
        "x": 0,
        "y": 0,
        "yaw": 0,
        "z": 11.19999885559082
    },
    "colors": {
        "b": 0.20000000298023224,
        "g": 0.800000011920929,
        "r": 0.20000000298023224
    },
    "constants": {
        "A": 2,
        "B": 2,
        "C": 0.7799999713897705,
        "D": 1.5,
        "E": 1,
        "F": 1,
        "S": 0
    },
    "equations": {
        "defU": "u + t*D",
        "defV": "C",
        "defW": "v-t*E",
        "explicitU": "",
        "explicitV": "",
        "explicitW": "",
        "p": "B * sin(W) * cos(V)",
        "x": "A * cos(U) * sin(V)",
        "y": "A * sin(U) * sin(V)",
        "z": "B * cos(W) * cos(V)"
    },
    "lightingMode": 0,
    "limits": {
        "uMax": 6.28318977355957,
        "uMin": 0,
        "vMax": 6.2831854820251465,
        "vMin": 0,
        "wMax": 0,
        "wMin": 0
    },
    "name": "Dynamical Clifford Torus",
    "projectionMode": 1,
    "renderMode": 1,
    "showBorder": false,
    "steps": 100,
    "type": "surface",
    "use4DLighting": false
}
