{
    "angles": {
        "omega": 0.9850993752479553,
        "phi": 0.36509981751441956,
        "psi": 0.49009969830513
    },
    "camera3D": {
        "pitch": 0,
        "roll": 0,
        "rot_w": 0.33262893557548523,
        "rot_x": -0.6754348278045654,
        "rot_y": -0.4285639226436615,
        "rot_z": 0.4994784891605377,
        "x": 0,
        "y": 0,
        "yaw": 0,
        "z": 4
    },
    "colors": {
        "b": 0.20000000298023224,
        "g": 0.800000011920929,
        "r": 0.20000000298023224
    },
    "constants": {
        "A": 1.2100000381469727,
        "B": 1.5700000524520874,
        "C": 1.5700000524520874,
        "D": 0.800000011920929,
        "E": 1,
        "F": 1,
        "S": 0
    },
    "equations": {
        "defU": "B*cos(v)+pi/2",
        "defV": "B*sin(u)*sin(v)+pi/2",
        "defW": "2*B*cos(u)*sin(v)+pi",
        "explicitU": "",
        "explicitV": "",
        "explicitW": "",
        "p": "A * sin(U) * sin(V) * sin(W)",
        "x": "A * cos(U)",
        "y": "A * sin(U) * cos(V)",
        "z": "A * sin(U) * sin(V) * cos(W)"
    },
    "lightingMode": 0,
    "limits": {
        "uMax": 3.141590118408203,
        "uMin": 0,
        "vMax": 6.28318977355957,
        "vMin": 0,
        "wMax": 0,
        "wMin": 0
    },
    "name": "Ellipsoid",
    "projectionMode": 1,
    "renderMode": 1,
    "showBorder": false,
    "steps": 570,
    "type": "surface",
    "use4DLighting": true
}
