{
    "angles": {
        "omega": 0.3699999153614044,
        "phi": 0.2600000202655792,
        "psi": 1.2699991464614868
    },
    "camera3D": {
        "pitch": 0,
        "roll": 0,
        "rot_w": -0.2097346931695938,
        "rot_x": 0.5192900896072388,
        "rot_y": 0.7494324445724487,
        "rot_z": -0.35312941670417786,
        "x": 0,
        "y": 0,
        "yaw": 0,
        "z": 4
    },
    "colors": {
        "b": 0.20000000298023224,
        "g": 0.800000011920929,
        "r": 0.20000000298023224
    },
    "constants": {
        "A": 1.2100000381469727,
        "B": 0.6299999952316284,
        "C": 1.5700000524520874,
        "D": 0.800000011920929,
        "E": 1,
        "F": 1,
        "S": 0
    },
    "equations": {
        "defU": "C+C*D*((A + B * cos(v)) * cos(u)) / (A + B)",
        "defV": "C+C*D*((A + B * cos(v)) * sin(u)) / (A + B)",
        "defW": "2*C+2*C*(B * sin(v)) / (A + B)",
        "explicitU": "",
        "explicitV": "",
        "explicitW": "",
        "p": "A * sin(U) * sin(V) * sin(W)",
        "x": "A * cos(U)",
        "y": "A * sin(U) * cos(V)",
        "z": "A * sin(U) * sin(V) * cos(W)"
    },
    "lightingMode": 0,
    "limits": {
        "uMax": 6.28318977355957,
        "uMin": 0,
        "vMax": 6.28318977355957,
        "vMin": 0,
        "wMax": 0,
        "wMin": 0
    },
    "name": "Torus",
    "projectionMode": 1,
    "renderMode": 0,
    "showBorder": false,
    "steps": 100,
    "type": "surface",
    "use4DLighting": true
}
