{
    "angles": {
        "omega": 0.009999999776482582,
        "phi": 0.009999999776482582,
        "psi": 0.009999999776482582
    },
    "camera3D": {
        "pitch": 0,
        "roll": 0,
        "rot_w": -0.2108331173658371,
        "rot_x": 0.525569498538971,
        "rot_y": 0.8208141326904297,
        "rot_z": -0.07476841658353806,
        "x": 0,
        "y": 0,
        "yaw": 0,
        "z": 2.8000001907348633
    },
    "colors": {
        "b": 0.20000000298023224,
        "g": 0.800000011920929,
        "r": 0.20000000298023224
    },
    "constants": {
        "A": 0.9100000262260437,
        "B": 1,
        "C": 1,
        "D": 1,
        "E": 1,
        "F": 1,
        "S": 0
    },
    "equations": {
        "defU": "",
        "defV": "",
        "defW": "",
        "explicitU": "",
        "explicitV": "",
        "explicitW": "",
        "p": "A * sin(0.785 + 0.3 * cos(v)) * sin(3.0 * u + v)",
        "x": "A * cos(0.785 + 0.3 * cos(v)) * cos(2.0 * u)",
        "y": "A*cos(0.785 + 0.3 * cos(v)) * sin(2.0 * u)",
        "z": "A*sin(0.785 + 0.3 * cos(v)) * cos(3.0 * u + v)"
    },
    "lightIntensity": 1,
    "lightingMode": 0,
    "limits": {
        "uMax": 3.1415927410125732,
        "uMin": -3.1415927410125732,
        "vMax": 3.1415927410125732,
        "vMin": -3.1415927410125732,
        "wMax": 0,
        "wMin": 0
    },
    "name": "Trefoil Torus",
    "projectionMode": 1,
    "renderMode": 1,
    "showBorder": false,
    "steps": 351,
    "type": "surface",
    "use4DLighting": true
}
