{
    "angles": {
        "omega": 9.999999747378752e-05,
        "phi": 9.999999747378752e-05,
        "psi": 9.999999747378752e-05
    },
    "camera3D": {
        "pitch": 0,
        "roll": 0,
        "rot_w": -0.9390872120857239,
        "rot_x": 0.15920543670654297,
        "rot_y": 0.009109824895858765,
        "rot_z": -0.3044435381889343,
        "x": 0,
        "y": 0,
        "yaw": 0,
        "z": 4
    },
    "colors": {
        "b": 0.20000000298023224,
        "g": 0.800000011920929,
        "r": 0.20000000298023224
    },
    "constants": {
        "A": 1.2899999618530273,
        "B": 5,
        "C": 1,
        "D": 1,
        "E": 1,
        "F": 1,
        "S": 4.309999942779541
    },
    "equations": {
        "defU": "",
        "defV": "",
        "defW": "",
        "explicitU": "",
        "explicitV": "",
        "explicitW": "(u + v) * B ",
        "p": "A * sin(w) ",
        "x": "A *cos(w)*cos(v)*cos(u) ",
        "y": "A * cos(w)*sin(u) * cos(v)",
        "z": "A * cos(w) * sin(v)"
    },
    "lightIntensity": 1,
    "lightingMode": 2,
    "limits": {
        "uMax": 6.28318977355957,
        "uMin": 0,
        "vMax": 1.5707999467849731,
        "vMin": -1.5707999467849731,
        "wMax": 1.559999942779541,
        "wMin": -1.5700000524520874
    },
    "name": "Villarceau Circles",
    "projectionMode": 1,
    "renderMode": 1,
    "showBorder": false,
    "steps": 750,
    "type": "surface",
    "use4DLighting": true
}
