{
    "angles": {
        "omega": 0.059999980032444,
        "phi": 0.48999983072280884,
        "psi": 0.6199997067451477
    },
    "camera3D": {
        "pitch": 0,
        "roll": 0,
        "rot_w": -0.7601613998413086,
        "rot_x": 0.13612714409828186,
        "rot_y": 0.1678621917963028,
        "rot_z": 0.6127366423606873,
        "x": 0,
        "y": 0,
        "yaw": 0,
        "z": 2.8000001907348633
    },
    "colors": {
        "b": 0.20000000298023224,
        "g": 0.800000011920929,
        "r": 0.20000000298023224
    },
    "constants": {
        "A": 0.9100000262260437,
        "B": 1,
        "C": 1,
        "D": 1,
        "E": 1,
        "F": 1,
        "S": 0
    },
    "equations": {
        "defU": "",
        "defV": "",
        "defW": "",
        "explicitU": "",
        "explicitV": "",
        "explicitW": "",
        "p": "A * sqrt(0.5 - 0.4 * cos(3.0*u + 2.0*v)) * sin(v)",
        "x": "A * sqrt(0.5 + 0.4 * cos(3.0*u + 2.0*v)) * cos(u)",
        "y": "A * sqrt(0.5 + 0.4 * cos(3.0*u + 2.0*v)) * sin(u)",
        "z": "A * sqrt(0.5 - 0.4 * cos(3.0*u + 2.0*v)) * cos(v)"
    },
    "lightIntensity": 1,
    "lightingMode": 0,
    "limits": {
        "uMax": 6.283180236816406,
        "uMin": 0,
        "vMax": 6.283180236816406,
        "vMin": 0,
        "wMax": 0,
        "wMin": 0
    },
    "name": "Wavy Cliffod Torus",
    "projectionMode": 1,
    "renderMode": 1,
    "showBorder": false,
    "steps": 351,
    "type": "surface",
    "use4DLighting": true
}
