{
    "angles": {
        "omega": 9.999999747378752e-05,
        "phi": 9.999999747378752e-05,
        "psi": 9.999999747378752e-05
    },
    "camera3D": {
        "pitch": 0,
        "roll": 0,
        "rot_w": -0.04390934854745865,
        "rot_x": 0.844700038433075,
        "rot_y": 0.49164146184921265,
        "rot_z": -0.20698416233062744,
        "x": 0,
        "y": 0,
        "yaw": 0,
        "z": 4
    },
    "colors": {
        "b": 0.20000000298023224,
        "g": 0.800000011920929,
        "r": 0.20000000298023224
    },
    "constants": {
        "A": 1,
        "B": 0.9399999976158142,
        "C": 0.5,
        "D": 1,
        "E": 0.5,
        "F": 1,
        "S": 0
    },
    "equations": {
        "defU": "u \n",
        "defV": "C",
        "defW": "v ",
        "explicitU": "",
        "explicitV": "",
        "explicitW": "",
        "p": "A * sinh(V) * sin(W)",
        "x": "A * cosh(V) * cos(U)",
        "y": "A * cosh(V) * sin(U)",
        "z": "A * sinh(V) * cos(W)"
    },
    "lightIntensity": 1,
    "lightingMode": 0,
    "limits": {
        "uMax": 6.2831854820251465,
        "uMin": 0,
        "vMax": 6.2831854820251465,
        "vMin": 0,
        "wMax": 0,
        "wMin": 0
    },
    "name": "Anti-de Sitter Torus",
    "projectionMode": 1,
    "renderMode": 1,
    "showBorder": false,
    "steps": 100,
    "type": "surface",
    "use4DLighting": false
}
