{
    "angles": {
        "omega": 9.999999747378752e-05,
        "phi": 9.999999747378752e-05,
        "psi": 9.999999747378752e-05
    },
    "camera3D": {
        "pitch": 0,
        "roll": 0,
        "rot_w": 0.3874051868915558,
        "rot_x": 0.38880985975265503,
        "rot_y": 0.7857088446617126,
        "rot_z": 0.28531694412231445,
        "x": 0,
        "y": 0,
        "yaw": 0,
        "z": 4
    },
    "colors": {
        "b": 0.20000000298023224,
        "g": 0.800000011920929,
        "r": 0.20000000298023224
    },
    "constants": {
        "A": 0.699999988079071,
        "B": 0.699999988079071,
        "C": 0.9700000286102295,
        "D": 2,
        "E": 0,
        "F": 0,
        "S": 0
    },
    "equations": {
        "defU": "u\n",
        "defV": "C * sin(v)",
        "defW": "C * cos(v)",
        "explicitU": "",
        "explicitV": "",
        "explicitW": "",
        "p": "A*(exp(-B*W)*cos(U)-V*exp(B*W)*sin(U))",
        "x": "A*exp(B*W)*cos(U)",
        "y": "A*exp(B*W)*sin(U)",
        "z": "A*(exp(-B*W)*sin(U)+V*exp(B*W)*cos(U))"
    },
    "lightingMode": 1,
    "limits": {
        "uMax": 6.28318977355957,
        "uMin": 0,
        "vMax": 6.28318977355957,
        "vMin": 0,
        "wMax": 0,
        "wMin": 0
    },
    "name": "Iwasawa Torus",
    "projectionMode": 1,
    "renderMode": 1,
    "showBorder": false,
    "steps": 100,
    "type": "surface",
    "use4DLighting": false
}
