{
    "angles": {
        "omega": 0.009999999776482582,
        "phi": 0.009999999776482582,
        "psi": 0.009999999776482582
    },
    "camera3D": {
        "pitch": 0,
        "roll": 0,
        "rot_w": -0.8141530752182007,
        "rot_x": 0.09105979651212692,
        "rot_y": -0.430176317691803,
        "rot_z": 0.3792243003845215,
        "x": 0,
        "y": 0,
        "yaw": 0,
        "z": 42.40000915527344
    },
    "colors": {
        "b": 0.20000000298023224,
        "g": 0.800000011920929,
        "r": 0.20000000298023224
    },
    "constants": {
        "A": 1.2000000476837158,
        "B": 1.100000023841858,
        "C": 1,
        "D": 2,
        "E": 0,
        "F": 0,
        "S": 0
    },
    "equations": {
        "defU": "u\n",
        "defV": "C*cos(u)",
        "defW": "v",
        "explicitU": "",
        "explicitV": "",
        "explicitW": "",
        "p": "A*(exp(-B*W)*cos(U)-V*exp(B*W)*sin(U))",
        "x": "A*exp(B*W)*cos(U)",
        "y": "A*exp(B*W)*sin(U)",
        "z": "A*(exp(-B*W)*sin(U)+V*exp(B*W)*cos(U))"
    },
    "lightingMode": 1,
    "limits": {
        "uMax": 6.28318977355957,
        "uMin": 0,
        "vMax": 1.5,
        "vMin": -1.5,
        "wMax": 0,
        "wMin": 0
    },
    "name": "Wormhole BTZ",
    "projectionMode": 0,
    "renderMode": 1,
    "showBorder": false,
    "steps": 100,
    "type": "surface",
    "use4DLighting": false
}
