{
    "angles": {
        "omega": 0.009999999776482582,
        "phi": 0.009999999776482582,
        "psi": 0.5699997544288635
    },
    "camera3D": {
        "pitch": 0,
        "roll": 0,
        "rot_w": 0.0699724480509758,
        "rot_x": 0.9200344085693359,
        "rot_y": 0.2332707941532135,
        "rot_z": 0.3069613575935364,
        "x": 0,
        "y": 0,
        "yaw": 0,
        "z": 78.39999389648438
    },
    "colors": {
        "b": 0.20000000298023224,
        "g": 0.800000011920929,
        "r": 0.20000000298023224
    },
    "constants": {
        "A": 0.9200000166893005,
        "B": 0.27000001072883606,
        "C": 1,
        "D": 1,
        "E": 1,
        "F": 1,
        "S": 0
    },
    "equations": {
        "defU": "u",
        "defV": "v",
        "defW": "0",
        "explicitU": "",
        "explicitV": "",
        "explicitW": "",
        "p": "0",
        "x": "U",
        "y": "V",
        "z": "W + A * U * V"
    },
    "lightIntensity": 1,
    "lightingMode": 0,
    "limits": {
        "uMax": 3,
        "uMin": -3,
        "vMax": 3,
        "vMin": -3,
        "wMax": 10,
        "wMin": -10
    },
    "name": "Heisenberg Plane",
    "projectionMode": 2,
    "renderMode": 1,
    "showBorder": false,
    "steps": 100,
    "type": "surface",
    "use4DLighting": false
}
