{
    "angles": {
        "omega": 9.999999747378752e-05,
        "phi": 9.999999747378752e-05,
        "psi": 9.999999747378752e-05
    },
    "camera3D": {
        "pitch": 0,
        "roll": 0,
        "rot_w": 0.20814605057239532,
        "rot_x": 0.514133095741272,
        "rot_y": 0.8272747993469238,
        "rot_z": -0.08921188861131668,
        "x": 0,
        "y": 0,
        "yaw": 0,
        "z": 4
    },
    "colors": {
        "b": 0.20000000298023224,
        "g": 0.800000011920929,
        "r": 0.20000000298023224
    },
    "constants": {
        "A": 1.2300000190734863,
        "B": 1,
        "C": 1,
        "D": 0,
        "E": 0,
        "F": 0,
        "S": 0
    },
    "equations": {
        "defU": "u",
        "defV": "v",
        "defW": "0",
        "explicitU": "",
        "explicitV": "",
        "explicitW": "",
        "p": "W",
        "x": "A * sqrt(cos(V)) * cos(U)",
        "y": "A * sqrt(cos(V)) * sin(U)",
        "z": "(A * A / 4.0) * sin(V)"
    },
    "lightIntensity": 1,
    "lightingMode": 2,
    "limits": {
        "uMax": 6.28318977355957,
        "uMin": 0,
        "vMax": 1.5707963705062866,
        "vMin": -1.5707963705062866,
        "wMax": 0,
        "wMin": 0
    },
    "name": "Koranyi Sphere",
    "projectionMode": 1,
    "renderMode": 0,
    "showBorder": false,
    "steps": 200,
    "type": "surface",
    "use4DLighting": false
}
