{
    "angles": {
        "omega": 0.009999999776482582,
        "phi": 0.009999999776482582,
        "psi": 0.009999999776482582
    },
    "camera3D": {
        "pitch": 0,
        "roll": 0,
        "rot_w": 0.9100285172462463,
        "rot_x": 0.17241021990776062,
        "rot_y": 0.35294538736343384,
        "rot_z": -0.1324855536222458,
        "x": 0,
        "y": 0,
        "yaw": 0,
        "z": 4
    },
    "colors": {
        "b": 0.20000000298023224,
        "g": 0.800000011920929,
        "r": 0.20000000298023224
    },
    "constants": {
        "A": 0.30000001192092896,
        "B": 1,
        "C": 1,
        "D": 0,
        "E": 0,
        "F": 0,
        "S": 0
    },
    "equations": {
        "defU": "",
        "defV": "",
        "defW": "",
        "explicitU": "",
        "explicitV": "",
        "explicitW": "1",
        "p": "A*u*u",
        "x": "A*u*cos(v)",
        "y": "A*u*sin(v)",
        "z": "A*(w*v+(1/2)*u*u*sin(2*v))"
    },
    "lightIntensity": 1,
    "lightingMode": 0,
    "limits": {
        "uMax": 1,
        "uMin": -1,
        "vMax": 6.28318977355957,
        "vMin": -6.28318977355957,
        "wMax": 0,
        "wMin": 0
    },
    "name": "NIL Helicoid",
    "projectionMode": 1,
    "renderMode": 1,
    "showBorder": false,
    "steps": 101,
    "type": "surface",
    "use4DLighting": false
}
