{
    "angles": {
        "omega": 0,
        "phi": 0,
        "psi": 0
    },
    "camera3D": {
        "pitch": 0,
        "roll": 0,
        "rot_w": 0.07252579927444458,
        "rot_x": 0.7398868799209595,
        "rot_y": 0.5771101713180542,
        "rot_z": 0.33801087737083435,
        "x": 0,
        "y": 0,
        "yaw": 0,
        "z": 4
    },
    "colors": {
        "b": 0.20000000298023224,
        "g": 0.800000011920929,
        "r": 0.21568627655506134
    },
    "constants": {
        "A": 0.800000011920929,
        "B": 0,
        "C": 0,
        "D": 0,
        "E": 0,
        "F": 0,
        "S": 0
    },
    "equations": {
        "defU": "",
        "defV": "",
        "defW": "",
        "explicitU": "",
        "explicitV": "",
        "explicitW": "",
        "p": "0.0",
        "x": "A*(u*cos(v)-(u*u*u)/3.0*cos(3*v))",
        "y": "A*(-u*sin(v)-(u*u*u)/3.0*sin(3*v))",
        "z": "A*u*u*cos(2*v)"
    },
    "lightIntensity": 1,
    "lightingMode": 0,
    "limits": {
        "uMax": 1.2000000476837158,
        "uMin": 0,
        "vMax": 3.141590118408203,
        "vMin": -3.141590118408203,
        "wMax": 0,
        "wMin": 0
    },
    "name": "Ennepper",
    "projectionMode": 1,
    "renderMode": 1,
    "showBorder": true,
    "steps": 100,
    "type": "surface",
    "use4DLighting": false
}
