{
    "angles": {
        "omega": 0,
        "phi": 0,
        "psi": 0
    },
    "camera3D": {
        "pitch": 0,
        "roll": 0,
        "rot_w": 0.779513955116272,
        "rot_x": 0.48635464906692505,
        "rot_y": 0.39081814885139465,
        "rot_z": -0.05548136681318283,
        "x": 0,
        "y": 0,
        "yaw": 0,
        "z": 4
    },
    "colors": {
        "b": 0.20000000298023224,
        "g": 0.800000011920929,
        "r": 0.20000000298023224
    },
    "constants": {
        "A": 1,
        "B": 1,
        "C": 1,
        "D": 0,
        "E": 0,
        "F": 0,
        "S": 0
    },
    "equations": {
        "defU": "",
        "defV": "",
        "defW": "",
        "explicitU": "",
        "explicitV": "",
        "explicitW": "",
        "p": "0",
        "x": "(1-cos(v)/10)*cos(u)",
        "y": "(1-cos(v)/10)*sin(u)",
        "z": "(sin(v)/10+u/17-1)"
    },
    "lightIntensity": 1,
    "lightingMode": 0,
    "limits": {
        "uMax": 25.132741928100586,
        "uMin": 0,
        "vMax": 6.2831854820251465,
        "vMin": 0,
        "wMax": 0,
        "wMin": 0
    },
    "name": "Helix",
    "projectionMode": 1,
    "renderMode": 1,
    "showBorder": true,
    "steps": 100,
    "type": "surface",
    "use4DLighting": false
}
