{
    "angles": {
        "omega": 0,
        "phi": 0,
        "psi": 0
    },
    "camera3D": {
        "pitch": 0,
        "roll": 0,
        "rot_w": 0.6070340275764465,
        "rot_x": 0.44194185733795166,
        "rot_y": 0.6311710476875305,
        "rot_z": -0.19447395205497742,
        "x": 0,
        "y": 0,
        "yaw": 0,
        "z": 4
    },
    "colors": {
        "b": 0.20000000298023224,
        "g": 0.800000011920929,
        "r": 0.20000000298023224
    },
    "constants": {
        "A": 0.10000000149011612,
        "B": 1,
        "C": 1,
        "D": 0,
        "E": 0,
        "F": 0,
        "S": 0
    },
    "equations": {
        "defU": "",
        "defV": "",
        "defW": "",
        "explicitU": "",
        "explicitV": "",
        "explicitW": "",
        "p": "0",
        "x": "A*sinh(v)*sin(u)",
        "y": "-A*sinh(v)*cos(u)",
        "z": "3*A*u"
    },
    "lightIntensity": 1,
    "lightingMode": 0,
    "limits": {
        "uMax": 3.1415927410125732,
        "uMin": -3.1415927410125732,
        "vMax": 3.1415927410125732,
        "vMin": -3.1415927410125732,
        "wMax": 0,
        "wMin": 0
    },
    "name": "Helicoid",
    "projectionMode": 1,
    "renderMode": 1,
    "showBorder": true,
    "steps": 100,
    "type": "surface",
    "use4DLighting": false
}
