{
    "angles": {
        "omega": 0,
        "phi": 0,
        "psi": 0
    },
    "camera3D": {
        "pitch": 0,
        "roll": 0,
        "rot_w": 0.9185987114906311,
        "rot_x": 0.024861153215169907,
        "rot_y": 0.3346368372440338,
        "rot_z": -0.20874996483325958,
        "x": 0,
        "y": 0,
        "yaw": 0,
        "z": 4
    },
    "colors": {
        "b": 0.20000000298023224,
        "g": 0.800000011920929,
        "r": 0.20000000298023224
    },
    "constants": {
        "A": 0.10000000149011612,
        "B": 1,
        "C": 1,
        "D": 0,
        "E": 0,
        "F": 0,
        "S": 0
    },
    "equations": {
        "defU": "",
        "defV": "",
        "defW": "",
        "explicitU": "",
        "explicitV": "",
        "explicitW": "",
        "p": "0",
        "x": "A * (2.0 * cosh(v/2.0) * cos(u) * cos((4.1*v + 13.2) * 0.113 * 3.14159) - 4.2 * cosh(v/2.0) * sin(u) * sin((4.1*v + 13.2) * 0.113 * 3.14159))",
        "y": "A * (2.0 * cosh(v/2.0) * cos(u) * sin((4.1*v + 13.2) * 0.113 * 3.14159) + 4.2 * cosh(v/2.0) * sin(u) * cos((4.1*v + 13.2) * 0.113 * 3.14159))",
        "z": "A*(41/10)*v"
    },
    "lightIntensity": 1,
    "lightingMode": 0,
    "limits": {
        "uMax": 3.141590118408203,
        "uMin": -3.141590118408203,
        "vMax": 3.141590118408203,
        "vMin": -3.141590118408203,
        "wMax": 0,
        "wMin": 0
    },
    "name": "Hurricane",
    "projectionMode": 1,
    "renderMode": 1,
    "showBorder": true,
    "steps": 120,
    "type": "surface",
    "use4DLighting": false
}
