{
    "angles": {
        "omega": 0,
        "phi": 0,
        "psi": 0
    },
    "camera3D": {
        "pitch": 0,
        "roll": 0,
        "rot_w": 0.5253278613090515,
        "rot_x": 0.7020386457443237,
        "rot_y": 0.46510201692581177,
        "rot_z": 0.12187127768993378,
        "x": 0,
        "y": 0,
        "yaw": 0,
        "z": 4
    },
    "colors": {
        "b": 0.20000000298023224,
        "g": 0.800000011920929,
        "r": 0.20000000298023224
    },
    "constants": {
        "A": 0.10000000149011612,
        "B": 1,
        "C": 1,
        "D": 0,
        "E": 0,
        "F": 0,
        "S": 0
    },
    "equations": {
        "defU": "",
        "defV": "",
        "defW": "",
        "explicitU": "",
        "explicitV": "",
        "explicitW": "",
        "p": "0",
        "x": "(sinh(v)*cos(3*u))/(1+cosh(u)*cosh(v))",
        "y": "(sinh(v)*sin(3*u))/(1+cosh(u)*cosh(v))",
        "z": "(cosh(v)*sinh(u))/(1+cosh(u)*cosh(v))"
    },
    "lightIntensity": 1,
    "lightingMode": 0,
    "limits": {
        "uMax": 3.1415927410125732,
        "uMin": -3.1415927410125732,
        "vMax": 3.1415927410125732,
        "vMin": -3.1415927410125732,
        "wMax": 0,
        "wMin": 0
    },
    "name": "Hyperbolic Helicoid",
    "projectionMode": 1,
    "renderMode": 1,
    "showBorder": true,
    "steps": 120,
    "type": "surface",
    "use4DLighting": false
}
