{
    "angles": {
        "omega": 0,
        "phi": 0,
        "psi": 0
    },
    "camera3D": {
        "pitch": 0,
        "roll": 0,
        "rot_w": 0.8809762001037598,
        "rot_x": 0.2886143624782562,
        "rot_y": 0.37368300557136536,
        "rot_z": 0.030721131712198257,
        "x": 0,
        "y": 0,
        "yaw": 0,
        "z": 4
    },
    "colors": {
        "b": 0.20000000298023224,
        "g": 0.800000011920929,
        "r": 0.20000000298023224
    },
    "constants": {
        "A": 0.5,
        "B": 1,
        "C": 1,
        "D": 0,
        "E": 0,
        "F": 0,
        "S": 0
    },
    "equations": {
        "defU": "",
        "defV": "",
        "defW": "",
        "explicitU": "",
        "explicitV": "",
        "explicitW": "",
        "p": "0",
        "x": "A*(1/cosh(u)-cos(v))",
        "y": "A*sin(v)",
        "z": "A*(u/pi-tanh(v))"
    },
    "lightIntensity": 1,
    "lightingMode": 0,
    "limits": {
        "uMax": 6.2831854820251465,
        "uMin": -6.2831854820251465,
        "vMax": 3.1415927410125732,
        "vMin": -3.1415927410125732,
        "wMax": 0,
        "wMin": 0
    },
    "name": "Kinky Torus",
    "projectionMode": 1,
    "renderMode": 1,
    "showBorder": true,
    "steps": 120,
    "type": "surface",
    "use4DLighting": false
}
