{
    "angles": {
        "omega": 0,
        "phi": 0,
        "psi": 0
    },
    "camera3D": {
        "pitch": 0,
        "roll": 0,
        "rot_w": -0.13831333816051483,
        "rot_x": 0.2893930673599243,
        "rot_y": 0.8496091961860657,
        "rot_z": 0.4186707139015198,
        "x": 0,
        "y": 0,
        "yaw": 0,
        "z": 4
    },
    "colors": {
        "b": 0.20000000298023224,
        "g": 0.800000011920929,
        "r": 0.20000000298023224
    },
    "constants": {
        "A": 0.4699999988079071,
        "B": 0,
        "C": 0,
        "D": 0,
        "E": 0,
        "F": 0,
        "S": 0
    },
    "equations": {
        "defU": "",
        "defV": "",
        "defW": "",
        "explicitU": "",
        "explicitV": "",
        "explicitW": "",
        "p": "",
        "x": "A*(2*(cos(u)+u*sin(u))*sin(v))/(1+u*u*sin(v)*sin(v))",
        "y": "(2*(sin(u)-u*cos(u))*sin(v))/(1+u*u*sin(v)*sin(v))",
        "z": "A*(log(tan(0.5*v))+(2*cos(v))/(1+u*u*sin(v)*sin(v)))"
    },
    "lightIntensity": 1,
    "lightingMode": 0,
    "limits": {
        "uMax": 6.2831854820251465,
        "uMin": 0,
        "vMax": 3.1315927505493164,
        "vMin": 0.009999999776482582,
        "wMax": 0,
        "wMin": 0
    },
    "name": "Kuen",
    "projectionMode": 1,
    "renderMode": 1,
    "showBorder": true,
    "steps": 300,
    "type": "surface",
    "use4DLighting": false
}
