{
    "angles": {
        "omega": 0,
        "phi": 0,
        "psi": 0
    },
    "camera3D": {
        "pitch": 0,
        "roll": 0,
        "rot_w": 0.4862420856952667,
        "rot_x": -0.028054650872945786,
        "rot_y": 0.7987749576568604,
        "rot_z": -0.353185772895813,
        "x": 0,
        "y": 0,
        "yaw": 0,
        "z": 4
    },
    "colors": {
        "b": 0.20000000298023224,
        "g": 0.800000011920929,
        "r": 0.20000000298023224
    },
    "constants": {
        "A": 0.5699999928474426,
        "B": 0,
        "C": 0,
        "D": 0,
        "E": 0,
        "F": 0,
        "S": 0
    },
    "equations": {
        "defU": "",
        "defV": "",
        "defW": "",
        "explicitU": "",
        "explicitV": "",
        "explicitW": "",
        "p": "",
        "x": "A*cos(u) / (sqrt(2.0) + sin(v))",
        "y": "A*sin(u) / (sqrt(2.0) + sin(v))",
        "z": "A / (sqrt(2.0) + cos(v))"
    },
    "lightIntensity": 1,
    "lightingMode": 0,
    "limits": {
        "uMax": 3.1415927410125732,
        "uMin": -3.1415927410125732,
        "vMax": 3.1415927410125732,
        "vMin": -3.1415927410125732,
        "wMax": 0,
        "wMin": 0
    },
    "name": "Limpet Torus",
    "projectionMode": 1,
    "renderMode": 1,
    "showBorder": true,
    "steps": 300,
    "type": "surface",
    "use4DLighting": false
}
