{
    "angles": {
        "omega": 0,
        "phi": 0,
        "psi": 0
    },
    "camera3D": {
        "pitch": 0,
        "roll": 0,
        "rot_w": 0.030959440395236015,
        "rot_x": 0.6992229223251343,
        "rot_y": 0.6333833336830139,
        "rot_z": -0.3300819396972656,
        "x": 0,
        "y": 0,
        "yaw": 0,
        "z": 4
    },
    "colors": {
        "b": 0.20000000298023224,
        "g": 0.800000011920929,
        "r": 0.20000000298023224
    },
    "constants": {
        "A": 1.2300000190734863,
        "B": 1,
        "C": 1,
        "D": 0,
        "E": 0,
        "F": 0,
        "S": 0
    },
    "equations": {
        "defU": "",
        "defV": "",
        "defW": "",
        "explicitU": "",
        "explicitV": "",
        "explicitW": "",
        "p": "0",
        "x": "A * (abs(v) < 0.0001 ? 1.0 : (2.0 * sin(v/2.0) / v)) * cos(u)",
        "y": "A * (abs(v) < 0.0001 ? 1.0 : (2.0 * sin(v/2.0) / v)) * sin(u)",
        "z": "A * (abs(v) < 0.0001 ? 0.0 : (v - sin(v)) / (2.0 * v * v))"
    },
    "lightIntensity": 1,
    "lightingMode": 0,
    "limits": {
        "uMax": 6.28318977355957,
        "uMin": 0,
        "vMax": 6.263000011444092,
        "vMin": -6.2831854820251465,
        "wMax": 0,
        "wMin": 0
    },
    "name": "NIL Sphere1",
    "projectionMode": 1,
    "renderMode": 1,
    "showBorder": true,
    "steps": 200,
    "type": "surface",
    "use4DLighting": false
}
