{
    "angles": {
        "omega": 0,
        "phi": 0,
        "psi": 0
    },
    "camera3D": {
        "pitch": 0,
        "roll": 0,
        "rot_w": 0.2522710859775543,
        "rot_x": 0.7355336546897888,
        "rot_y": 0.6267481446266174,
        "rot_z": -0.05036019906401634,
        "x": 0,
        "y": 0,
        "yaw": 0,
        "z": 4
    },
    "colors": {
        "b": 0.20000000298023224,
        "g": 0.800000011920929,
        "r": 0.20000000298023224
    },
    "constants": {
        "A": 1.25,
        "B": 0.03999999910593033,
        "C": 1,
        "D": 0,
        "E": 0,
        "F": 0,
        "S": 0
    },
    "equations": {
        "defU": "",
        "defV": "",
        "defW": "",
        "explicitU": "",
        "explicitV": "",
        "explicitW": "",
        "p": "0",
        "x": "A*(((sin(v+0.00001)-(v+0.00001)*cos(v+0.00001))/((v+0.00001)*(v+0.00001)))*cos(u)+((cos(v+0.00001)-1+(v+0.00001)*sin(v+0.00001))/((v+0.00001)*(v+0.00001)))*sin(u))",
        "y": "A*(((sin(v+0.00001)-(v+0.00001)*cos(v+0.00001))/((v+0.00001)*(v+0.00001)))*sin(u)-((cos(v+0.00001)-1+(v+0.00001)*sin(v+0.00001))/((v+0.00001)*(v+0.00001)))*cos(u))",
        "z": "A*(2*(v+0.00001)-sin(2*(v+0.00001)))/(2*(v+0.00001)*(v+0.00001))"
    },
    "lightIntensity": 1,
    "lightingMode": 0,
    "limits": {
        "uMax": 6.28318977355957,
        "uMin": 0,
        "vMax": 6.28318977355957,
        "vMin": -6.28318977355957,
        "wMax": 0,
        "wMin": 0
    },
    "name": "Nil Sphere2",
    "projectionMode": 1,
    "renderMode": 1,
    "showBorder": true,
    "steps": 200,
    "type": "surface",
    "use4DLighting": false
}
