{
    "angles": {
        "omega": 0,
        "phi": 0,
        "psi": 0
    },
    "camera3D": {
        "pitch": 0,
        "roll": 0,
        "rot_w": -0.10075445473194122,
        "rot_x": 0.5915800929069519,
        "rot_y": -0.6449527144432068,
        "rot_z": 0.47319918870925903,
        "x": 0,
        "y": 0,
        "yaw": 0,
        "z": 4
    },
    "colors": {
        "b": 0.20000000298023224,
        "g": 0.800000011920929,
        "r": 0.20000000298023224
    },
    "constants": {
        "A": 0.9700000286102295,
        "B": 1,
        "C": 1,
        "D": 1,
        "E": 1,
        "F": 1,
        "S": 0
    },
    "equations": {
        "defU": "",
        "defV": "",
        "defW": "",
        "explicitU": "acos(max(-1.0, cos(W) / (1.0 + cos(W))))",
        "explicitV": "",
        "explicitW": "",
        "p": "0.0",
        "x": "(1 - abs(v)) * (A/2 + A*cos(w)) + abs(v) * (-A/2 + A*cos(u))",
        "y": "v* A * sin(u)",
        "z": "(1 - abs(v)) * A * sin(w)"
    },
    "lightIntensity": 1,
    "lightingMode": 0,
    "limits": {
        "uMax": 6.2831854820251465,
        "uMin": 0,
        "vMax": 1,
        "vMin": -1,
        "wMax": 2.094395160675049,
        "wMin": -2.094395160675049
    },
    "name": "Oloid",
    "projectionMode": 1,
    "renderMode": 1,
    "showBorder": false,
    "steps": 363,
    "type": "surface",
    "use4DLighting": false
}
