{
    "angles": {
        "omega": 0,
        "phi": 0,
        "psi": 0
    },
    "camera3D": {
        "pitch": 0,
        "roll": 0,
        "rot_w": 0.05540525168180466,
        "rot_x": -0.06750026345252991,
        "rot_y": 0.8611214756965637,
        "rot_z": -0.5008430480957031,
        "x": 0,
        "y": 0,
        "yaw": 0,
        "z": 4
    },
    "colors": {
        "b": 0.20000000298023224,
        "g": 0.800000011920929,
        "r": 0.20000000298023224
    },
    "constants": {
        "A": 4.420000076293945,
        "B": 1.5499999523162842,
        "C": 0.07999999821186066,
        "D": 1.850000023841858,
        "E": 0.10999999940395355,
        "F": 1,
        "S": 0
    },
    "equations": {
        "defU": "",
        "defV": "",
        "defW": "",
        "explicitU": "",
        "explicitV": "",
        "explicitW": "",
        "p": "0.0",
        "x": "E*A * cosh(v * 0.5) * cos(u)",
        "y": "E*(B * (2.0 * cosh(v * 0.5) * sin(u) * cos((A * cosh(v * 0.5) * cos(u) + 11.0) * C * pi) - D * v * sin((A * cosh(v * 0.5) * cos(u) + 11.0) * C * pi)))",
        "z": "E*(B * (2.0 * cosh(v * 0.5) * sin(u) * sin((A * cosh(v * 0.5) * cos(u) + 11.0) * C * pi) + D * v * cos((A * cosh(v * 0.5) * cos(u) + 11.0) * C * pi)))"
    },
    "lightIntensity": 1,
    "lightingMode": 0,
    "limits": {
        "uMax": 3.141590118408203,
        "uMin": -3.141590118408203,
        "vMax": 3.141590118408203,
        "vMin": -3.141590118408203,
        "wMax": 1,
        "wMin": 0
    },
    "name": "Pseudo Catenoid",
    "projectionMode": 1,
    "renderMode": 1,
    "showBorder": true,
    "steps": 100,
    "type": "surface",
    "use4DLighting": false
}
