{
    "angles": {
        "omega": 0,
        "phi": 0,
        "psi": 0
    },
    "camera3D": {
        "pitch": 0,
        "roll": 0,
        "rot_w": 0.8143475651741028,
        "rot_x": -0.27095484733581543,
        "rot_y": -0.5116918683052063,
        "rot_z": -0.039913952350616455,
        "x": 0,
        "y": 0,
        "yaw": 0,
        "z": 4
    },
    "colors": {
        "b": 0.20000000298023224,
        "g": 0.800000011920929,
        "r": 0.20000000298023224
    },
    "constants": {
        "A": 0.3499999940395355,
        "B": 1,
        "C": 1,
        "D": 0,
        "E": 0,
        "F": 0,
        "S": 0
    },
    "equations": {
        "defU": "",
        "defV": "",
        "defW": "",
        "explicitU": "",
        "explicitV": "",
        "explicitW": "",
        "p": "0",
        "x": "A*pow(1.2, v) * pow(sin(u), 2.0) * sin(v)",
        "y": "A*pow(1.2, v) * pow(sin(u), 2.0) * cos(v)",
        "z": "A*pow(1.2, v) * sin(u) * cos(u)"
    },
    "lightIntensity": 1,
    "lightingMode": 0,
    "limits": {
        "uMax": 3.141590118408203,
        "uMin": 0,
        "vMax": 7.85398006439209,
        "vMin": -0.785398006439209,
        "wMax": 0,
        "wMin": 0
    },
    "name": "Shell_1",
    "projectionMode": 1,
    "renderMode": 1,
    "showBorder": true,
    "steps": 120,
    "type": "surface",
    "use4DLighting": false
}
