{
    "angles": {
        "omega": 0,
        "phi": 0,
        "psi": 0
    },
    "camera3D": {
        "pitch": 0,
        "roll": 0,
        "rot_w": 0.628486692905426,
        "rot_x": 0.511951744556427,
        "rot_y": 0.5817302465438843,
        "rot_z": -0.0670812800526619,
        "x": 1.149999976158142,
        "y": -1.2499998807907104,
        "yaw": 0,
        "z": 2.8000001907348633
    },
    "colors": {
        "b": 0.20000000298023224,
        "g": 0.800000011920929,
        "r": 0.20000000298023224
    },
    "constants": {
        "A": 0.20000000298023224,
        "B": 2,
        "C": 0.20000000298023224,
        "D": 0,
        "E": 0,
        "F": 0,
        "S": 0
    },
    "equations": {
        "defU": "",
        "defV": "",
        "defW": "",
        "explicitU": "",
        "explicitV": "",
        "explicitW": "",
        "p": "0.0",
        "x": "A*(1-v/(2*pi))*cos(3*v)*(1+cos(u))+C*cos(3*v)",
        "y": "A*(1-v/(2*pi))*sin(3*v)*(1+cos(u))+C*sin(3*v)",
        "z": "B*v/(2*pi)+A*(1-v/(2*pi))*sin(u)"
    },
    "lightIntensity": 1,
    "lightingMode": 0,
    "limits": {
        "uMax": 6.28318977355957,
        "uMin": 0,
        "vMax": 6.28318977355957,
        "vMin": 0,
        "wMax": 0,
        "wMin": 0
    },
    "name": "Snake",
    "projectionMode": 1,
    "renderMode": 1,
    "showBorder": true,
    "steps": 100,
    "type": "surface",
    "use4DLighting": false
}
