{
    "angles": {
        "omega": 0,
        "phi": 0,
        "psi": 0
    },
    "camera3D": {
        "pitch": 0,
        "roll": 0,
        "rot_w": 0.13363370299339294,
        "rot_x": 0.7358372807502747,
        "rot_y": 0.25929439067840576,
        "rot_z": -0.6111070513725281,
        "x": 0,
        "y": 0,
        "yaw": 0,
        "z": 4
    },
    "colors": {
        "b": 0.20000000298023224,
        "g": 0.800000011920929,
        "r": 0.20000000298023224
    },
    "constants": {
        "A": 0.3499999940395355,
        "B": 0,
        "C": 0,
        "D": 0,
        "E": 0,
        "F": 0,
        "S": 0
    },
    "equations": {
        "defU": "",
        "defV": "",
        "defW": "",
        "explicitU": "",
        "explicitV": "",
        "explicitW": "",
        "p": "0.0",
        "x": "A*(cos(u)*cos(v)+sin((sin(u)+1)*2*pi))",
        "y": "A*(cos(u)*sin(v)+cos((sin(u)+1)*2*pi))",
        "z": "4*A*sin(u)"
    },
    "lightIntensity": 1,
    "lightingMode": 0,
    "limits": {
        "uMax": 3.049999952316284,
        "uMin": -3.049999952316284,
        "vMax": 6.283199787139893,
        "vMin": 0,
        "wMax": 0,
        "wMin": 0
    },
    "name": "Spheroid",
    "projectionMode": 1,
    "renderMode": 1,
    "showBorder": false,
    "steps": 100,
    "type": "surface",
    "use4DLighting": false
}
