{
    "angles": {
        "omega": 0,
        "phi": 0,
        "psi": 0
    },
    "camera3D": {
        "pitch": 0,
        "roll": 0,
        "rot_w": -0.6311350464820862,
        "rot_x": 0.6547601222991943,
        "rot_y": 0.3397018015384674,
        "rot_z": 0.2399177849292755,
        "x": 0,
        "y": 0,
        "yaw": 0,
        "z": 4
    },
    "colors": {
        "b": 0.20000000298023224,
        "g": 0.800000011920929,
        "r": 0.20000000298023224
    },
    "constants": {
        "A": 1,
        "B": 1,
        "C": 1,
        "D": 0,
        "E": 0,
        "F": 0,
        "S": 0
    },
    "equations": {
        "defU": "",
        "defV": "",
        "defW": "",
        "explicitU": "",
        "explicitV": "",
        "explicitW": "",
        "p": "0",
        "x": "cos(u)*cos(v)",
        "y": "sin(u)*cos(v)",
        "z": "sin(v)"
    },
    "lightIntensity": 1,
    "lightingMode": 0,
    "limits": {
        "uMax": 6.283180236816406,
        "uMin": 0,
        "vMax": 1.5707963705062866,
        "vMin": -1.5707999467849731,
        "wMax": 0,
        "wMin": 0
    },
    "name": "Sphere",
    "projectionMode": 1,
    "renderMode": 1,
    "showBorder": true,
    "steps": 100,
    "type": "surface",
    "use4DLighting": false
}
