{
    "angles": {
        "omega": 0,
        "phi": 0,
        "psi": 0
    },
    "camera3D": {
        "pitch": 0,
        "roll": 0,
        "rot_w": 0.3231527805328369,
        "rot_x": 0.5762625336647034,
        "rot_y": 0.7506090998649597,
        "rot_z": 0.008922591805458069,
        "x": 0,
        "y": 0,
        "yaw": 0,
        "z": 4
    },
    "colors": {
        "b": 0.20000000298023224,
        "g": 0.800000011920929,
        "r": 0.20000000298023224
    },
    "constants": {
        "A": 1.7000000476837158,
        "B": 1,
        "C": 1,
        "D": 0,
        "E": 0,
        "F": 0,
        "S": 0
    },
    "equations": {
        "defU": "",
        "defV": "",
        "defW": "",
        "explicitU": "",
        "explicitV": "",
        "explicitW": "",
        "p": "0",
        "x": "A*(cos(u) * cos(v) * pow(pow(abs(cos(u/4.0)), 0.5) + pow(abs(sin(u/4.0)), 0.5), -10.0/3.0) * pow(pow(abs(cos(5.0*v/4.0)), 1.7) + pow(abs(sin(5.0*v/4.0)), 1.7), -10.0))",
        "y": "A*(cos(u) * sin(v) * pow(pow(abs(cos(u/4.0)), 0.5) + pow(abs(sin(u/4.0)), 0.5), -10.0/3.0) * pow(pow(abs(cos(5.0*v/4.0)), 1.7) + pow(abs(sin(5.0*v/4.0)), 1.7), -10.0))",
        "z": "A*(sin(u) * pow(pow(abs(cos(u/4.0)), 0.5) + pow(abs(sin(u/4.0)), 0.5), -10.0/3.0))"
    },
    "lightIntensity": 1,
    "lightingMode": 0,
    "limits": {
        "uMax": 1.5707999467849731,
        "uMin": -1.5707999467849731,
        "vMax": 6.28318977355957,
        "vMin": 9.999999974752427e-07,
        "wMax": 0,
        "wMin": 0
    },
    "name": "Star",
    "projectionMode": 1,
    "renderMode": 1,
    "showBorder": false,
    "steps": 101,
    "type": "surface",
    "use4DLighting": false
}
