{
    "angles": {
        "omega": 0,
        "phi": 0,
        "psi": 0
    },
    "camera3D": {
        "pitch": 0,
        "roll": 0,
        "rot_w": 0.18301621079444885,
        "rot_x": 0.6487005352973938,
        "rot_y": 0.6766000986099243,
        "rot_z": -0.2964878976345062,
        "x": 0,
        "y": 0,
        "yaw": 0,
        "z": 4
    },
    "colors": {
        "b": 0.20000000298023224,
        "g": 0.800000011920929,
        "r": 0.20000000298023224
    },
    "constants": {
        "A": 0,
        "B": 0,
        "C": 0,
        "D": 0,
        "E": 0,
        "F": 0,
        "S": 0
    },
    "equations": {
        "defU": "",
        "defV": "",
        "defW": "",
        "explicitU": "",
        "explicitV": "",
        "explicitW": "",
        "p": "0.0",
        "x": "(0.8 + 0.3*cos(v))*cos(u)",
        "y": "(0.8 + 0.3*cos(v+pi))*sin(u)",
        "z": "0.3*sin(v)"
    },
    "lightIntensity": 1,
    "lightingMode": 0,
    "limits": {
        "uMax": 6.2831854820251465,
        "uMin": 0,
        "vMax": 6.283199787139893,
        "vMin": 0,
        "wMax": 0,
        "wMin": 0
    },
    "name": "Toroid",
    "projectionMode": 1,
    "renderMode": 1,
    "showBorder": false,
    "steps": 100,
    "type": "surface",
    "use4DLighting": false
}
