{
    "angles": {
        "omega": 0,
        "phi": 0,
        "psi": 0
    },
    "camera3D": {
        "pitch": 0,
        "roll": 0,
        "rot_w": 0.9330127239227295,
        "rot_x": 0.2500000298023224,
        "rot_y": 0.2499999701976776,
        "rot_z": -0.06698719412088394,
        "x": 0,
        "y": 0,
        "yaw": 0,
        "z": 4
    },
    "colors": {
        "b": 0.20000000298023224,
        "g": 0.800000011920929,
        "r": 0.20000000298023224
    },
    "constants": {
        "A": 0.8999999761581421,
        "B": 0.4000000059604645,
        "C": 0,
        "D": 0,
        "E": 0,
        "F": 0,
        "S": 0
    },
    "equations": {
        "defU": "",
        "defV": "",
        "defW": "",
        "explicitU": "",
        "explicitV": "",
        "explicitW": "",
        "p": "0.0",
        "x": "(A + B*cos(v))*cos(u)",
        "y": "(A + B*cos(v))*sin(u)",
        "z": "B*sin(v)"
    },
    "lightIntensity": 1,
    "lightingMode": 0,
    "limits": {
        "uMax": 6.283199787139893,
        "uMin": 0,
        "vMax": 6.283199787139893,
        "vMin": 0,
        "wMax": 1,
        "wMin": 0
    },
    "name": "Torus",
    "projectionMode": 1,
    "renderMode": 1,
    "showBorder": false,
    "steps": 100,
    "type": "surface",
    "use4DLighting": false
}
