{
    "angles": {
        "omega": 0,
        "phi": 0,
        "psi": 0
    },
    "camera3D": {
        "pitch": 0,
        "roll": 0,
        "rot_w": 0.5056657791137695,
        "rot_x": 0.701808512210846,
        "rot_y": 0.46988925337791443,
        "rot_z": -0.17598603665828705,
        "x": 0,
        "y": 0,
        "yaw": 0,
        "z": 4
    },
    "colors": {
        "b": 0.20000000298023224,
        "g": 0.800000011920929,
        "r": 0.20000000298023224
    },
    "constants": {
        "A": 0.8999999761581421,
        "B": 0.4000000059604645,
        "C": 0,
        "D": 0,
        "E": 0,
        "F": 0,
        "S": 0
    },
    "equations": {
        "defU": "",
        "defV": "",
        "defW": "",
        "explicitU": "",
        "explicitV": "",
        "explicitW": "",
        "p": "0.0",
        "x": "(abs(u)-1)*(abs(u)-1)*cos(v)",
        "y": "(abs(u)-1)*(abs(u)-1)*sin(v)",
        "z": "u"
    },
    "lightIntensity": 1,
    "lightingMode": 0,
    "limits": {
        "uMax": 1,
        "uMin": -1,
        "vMax": 6.283199787139893,
        "vMin": 0,
        "wMax": 0,
        "wMin": 0
    },
    "name": "Toupie",
    "projectionMode": 1,
    "renderMode": 1,
    "showBorder": false,
    "steps": 100,
    "type": "surface",
    "use4DLighting": false
}
