{
    "angles": {
        "omega": 0,
        "phi": 0,
        "psi": 0
    },
    "camera3D": {
        "pitch": 0,
        "roll": 0,
        "rot_w": 0.324998676776886,
        "rot_x": 0.624268651008606,
        "rot_y": -0.3214895725250244,
        "rot_z": 0.6334894299507141,
        "x": 0,
        "y": 0,
        "yaw": 0,
        "z": 4
    },
    "colors": {
        "b": 0.20000000298023224,
        "g": 0.800000011920929,
        "r": 0.20000000298023224
    },
    "constants": {
        "A": 0.6000000238418579,
        "B": 1,
        "C": 1,
        "D": 0,
        "E": 0,
        "F": 0,
        "S": 0
    },
    "equations": {
        "defU": "",
        "defV": "",
        "defW": "",
        "explicitU": "",
        "explicitV": "",
        "explicitW": "",
        "p": "0",
        "x": "A*(sin(u)/(sqrt(2)+cos(v)))",
        "y": "A*(sin(u+2*pi/3)/(sqrt(2)+cos(v+2*pi/3)))",
        "z": "A*(cos(u-2*pi/3)/(sqrt(2)+cos(v-2*pi/3)))"
    },
    "lightIntensity": 1,
    "lightingMode": 0,
    "limits": {
        "uMax": 3.141590118408203,
        "uMin": -3.141590118408203,
        "vMax": 3.141590118408203,
        "vMin": -3.141590118408203,
        "wMax": 0,
        "wMin": 0
    },
    "name": "Traxial Hexatorus",
    "projectionMode": 1,
    "renderMode": 1,
    "showBorder": false,
    "steps": 120,
    "type": "surface",
    "use4DLighting": false
}
