{
    "angles": {
        "omega": 0.6800996661186218,
        "phi": -0.2799000144004822,
        "psi": -1.3998990058898926
    },
    "camera3D": {
        "pitch": 0,
        "roll": 0,
        "rot_w": 0.7792484760284424,
        "rot_x": -0.2640238106250763,
        "rot_y": -0.5670455098152161,
        "rot_z": -0.03901991620659828,
        "x": 5.150001525878906,
        "y": -2.2499990463256836,
        "yaw": 0,
        "z": 20.80000114440918
    },
    "colors": {
        "b": 0.20000000298023224,
        "g": 0.800000011920929,
        "r": 0.20000000298023224
    },
    "constants": {
        "A": 2,
        "B": 1,
        "C": 0.5,
        "D": 0.15000000596046448,
        "E": 2,
        "F": 0,
        "S": 0
    },
    "equations": {
        "defU": "u ",
        "defV": "v",
        "defW": "C * u ",
        "explicitU": "",
        "explicitV": "",
        "explicitW": "",
        "p": "B * W ",
        "x": "A*sin(V)*cos(U)",
        "y": "A*sin(V)*sin(U)",
        "z": "A * cos(V) "
    },
    "lightIntensity": 1,
    "lightingMode": 2,
    "limits": {
        "uMax": 12.5600004196167,
        "uMin": 0,
        "vMax": 3.1410000324249268,
        "vMin": 0,
        "wMax": 0,
        "wMin": 0
    },
    "name": "Elicoid",
    "projectionMode": 0,
    "renderMode": 1,
    "showBorder": false,
    "steps": 158,
    "type": "surface",
    "use4DLighting": false
}
