{
    "angles": {
        "omega": 1.2799991369247437,
        "phi": 1.0299993753433228,
        "psi": 2.2299983501434326
    },
    "camera3D": {
        "pitch": 0,
        "roll": 0,
        "rot_w": 0.38638824224472046,
        "rot_x": -0.5983169078826904,
        "rot_y": -0.395111083984375,
        "rot_z": 0.5801795125007629,
        "x": 0,
        "y": 0,
        "yaw": 0,
        "z": 7.59999942779541
    },
    "colors": {
        "b": 0.20000000298023224,
        "g": 0.800000011920929,
        "r": 0.20000000298023224
    },
    "constants": {
        "A": 0.800000011920929,
        "B": 0.800000011920929,
        "C": 0.30000001192092896,
        "D": 0,
        "E": 0,
        "F": 0,
        "S": 0
    },
    "equations": {
        "defU": "u",
        "defV": "1.5708 + C * cos(v)",
        "defW": "C * sin(v)",
        "explicitU": "",
        "explicitV": "",
        "explicitW": "",
        "p": "B*W",
        "x": "A*sin(V)*cos(U)",
        "y": "A*sin(V)*sin(U)",
        "z": "A*cos(V)"
    },
    "lightingMode": 0,
    "limits": {
        "uMax": 6.28318977355957,
        "uMin": 0,
        "vMax": 6.28318977355957,
        "vMin": 0,
        "wMax": 0,
        "wMin": 0
    },
    "name": "Torus",
    "projectionMode": 2,
    "renderMode": 1,
    "showBorder": false,
    "steps": 100,
    "type": "surface",
    "use4DLighting": false
}
