{
    "angles": {
        "omega": 0.009999999776482582,
        "phi": 0.009999999776482582,
        "psi": 0.009999999776482582
    },
    "camera3D": {
        "pitch": 0,
        "roll": 0,
        "rot_w": 0.37195757031440735,
        "rot_x": -0.0890011265873909,
        "rot_y": 0.10116801410913467,
        "rot_z": -0.9184178709983826,
        "x": 0,
        "y": 0,
        "yaw": 0,
        "z": 4
    },
    "colors": {
        "b": 0.20000000298023224,
        "g": 0.800000011920929,
        "r": 0.20000000298023224
    },
    "constants": {
        "A": 0.36000001430511475,
        "B": 2,
        "C": 1,
        "D": 0,
        "E": 0,
        "F": 0,
        "S": 0
    },
    "equations": {
        "defU": "",
        "defV": "",
        "defW": "",
        "explicitU": "",
        "explicitV": "",
        "explicitW": "",
        "p": "A * 0.5 * cos(v) * sin(u)",
        "x": "A * (1.4142 * cos(v)*cos(v) * cos(2.0*u) + cos(u) * sin(2.0*v)) / (2.0 - 1.4142 * sin(3.0*u) * sin(2.0*v))",
        "y": "A * (1.4142 * cos(v)*cos(v) * sin(2.0*u) - sin(u) * sin(2.0*v)) / (2.0 - 1.4142 * sin(3.0*u) * sin(2.0*v))",
        "z": "A * (3.0 * cos(v)*cos(v)) / (2.0 - 1.4142 * sin(3.0*u) * sin(2.0*v))"
    },
    "lightIntensity": 1,
    "lightingMode": 0,
    "limits": {
        "uMax": 3.1415927410125732,
        "uMin": 0,
        "vMax": 3.1415927410125732,
        "vMin": 0,
        "wMax": 0,
        "wMin": 0
    },
    "name": "Boy Surface",
    "projectionMode": 1,
    "renderMode": 1,
    "showBorder": true,
    "steps": 203,
    "type": "surface",
    "use4DLighting": false
}
