{
    "angles": {
        "omega": 0.009999999776482582,
        "phi": 1.0899993181228638,
        "psi": 0.9999993443489075
    },
    "camera3D": {
        "pitch": 0,
        "roll": 0,
        "rot_w": -0.4703931510448456,
        "rot_x": 0.0007193982601165771,
        "rot_y": 0.8788416385650635,
        "rot_z": -0.07979536056518555,
        "x": 0,
        "y": 0,
        "yaw": 0,
        "z": 4
    },
    "colors": {
        "b": 0.20000000298023224,
        "g": 0.800000011920929,
        "r": 0.20000000298023224
    },
    "constants": {
        "A": 1.3700000047683716,
        "B": 1,
        "C": 1,
        "D": 1,
        "E": 1,
        "F": 1,
        "S": 0
    },
    "equations": {
        "defU": "",
        "defV": "",
        "defW": "",
        "explicitU": "",
        "explicitV": "",
        "explicitW": "",
        "p": "A * 2.0 * cos(u) * sin(v) / sqrt(1.0 + 3.0 * cos(u)*cos(u))",
        "x": "A * sin(u) * cos(2.0*v) / sqrt(1.0 + 3.0 * cos(u)*cos(u))",
        "y": "A * sin(u) * sin(2.0*v) / sqrt(1.0 + 3.0 * cos(u)*cos(u))",
        "z": "A * 2.0 * cos(u) * cos(v) / sqrt(1.0 + 3.0 * cos(u)*cos(u))"
    },
    "lightingMode": 1,
    "limits": {
        "uMax": 3.141590118408203,
        "uMin": 0,
        "vMax": 1.5707999467849731,
        "vMin": -1.5707999467849731,
        "wMax": 0,
        "wMin": 0
    },
    "name": "Veronese Surface",
    "projectionMode": 1,
    "renderMode": 1,
    "showBorder": false,
    "steps": 203,
    "type": "surface",
    "use4DLighting": true
}
