{
    "angles": {
        "omega": 0.23000003397464752,
        "phi": 1.989998459815979,
        "psi": 0.1900000274181366
    },
    "camera3D": {
        "pitch": 0,
        "roll": 0,
        "rot_w": 0.5567874908447266,
        "rot_x": 0.7055768966674805,
        "rot_y": 0.2751806676387787,
        "rot_z": 0.3412107527256012,
        "x": 0,
        "y": 0,
        "yaw": 0,
        "z": 2.8000001907348633
    },
    "colors": {
        "b": 0.20000000298023224,
        "g": 0.800000011920929,
        "r": 0.20000000298023224
    },
    "constants": {
        "A": 1,
        "B": 1,
        "C": 1,
        "D": 1,
        "E": 1,
        "F": 1,
        "S": 0
    },
    "equations": {
        "defU": "",
        "defV": "",
        "defW": "",
        "explicitU": "",
        "explicitV": "",
        "explicitW": "",
        "p": "(pow(2.0 * sin(2.0*u) * cos(v)*cos(v), 2.0) + pow(2.0 * sin(u) * sin(2.0*v), 2.0) + pow(2.0 * cos(u) * sin(2.0*v), 2.0) - 1.0) / (pow(2.0 * sin(2.0*u) * cos(v)*cos(v), 2.0) + pow(2.0 * sin(u) * sin(2.0*v), 2.0) + pow(2.0 * cos(u) * sin(2.0*v), 2.0) + 1.0)",
        "x": "2.0 * (2.0 * sin(2.0*u) * cos(v)*cos(v)) / (pow(2.0 * sin(2.0*u) * cos(v)*cos(v), 2.0) + pow(2.0 * sin(u) * sin(2.0*v), 2.0) + pow(2.0 * cos(u) * sin(2.0*v), 2.0) + 1.0)",
        "y": "2.0 * (2.0 * sin(u) * sin(2.0*v)) / (pow(2.0 * sin(2.0*u) * cos(v)*cos(v), 2.0) + pow(2.0 * sin(u) * sin(2.0*v), 2.0) + pow(2.0 * cos(u) * sin(2.0*v), 2.0) + 1.0)",
        "z": "2.0 * (2.0 * cos(u) * sin(2.0*v)) / (pow(2.0 * sin(2.0*u) * cos(v)*cos(v), 2.0) + pow(2.0 * sin(u) * sin(2.0*v), 2.0) + pow(2.0 * cos(u) * sin(2.0*v), 2.0) + 1.0)"
    },
    "lightIntensity": 1,
    "lightingMode": 0,
    "limits": {
        "uMax": 1.5707963705062866,
        "uMin": -1.5707963705062866,
        "vMax": 1.5707963705062866,
        "vMin": -1.5707963705062866,
        "wMax": 0.10000000149011612,
        "wMin": 0
    },
    "name": "Roman Surface",
    "projectionMode": 1,
    "renderMode": 1,
    "showBorder": false,
    "steps": 100,
    "type": "surface",
    "use4DLighting": true
}
