{
    "angles": {
        "omega": 0.009999999776482582,
        "phi": 0.009999999776482582,
        "psi": 0.5699997544288635
    },
    "camera3D": {
        "pitch": 0,
        "roll": 0,
        "rot_w": 0.30477118492126465,
        "rot_x": 0.7652139663696289,
        "rot_y": 0.03787726163864136,
        "rot_z": -0.5657981634140015,
        "x": 0,
        "y": 0,
        "yaw": 0,
        "z": 4
    },
    "colors": {
        "b": 0.20000000298023224,
        "g": 0.800000011920929,
        "r": 0.20000000298023224
    },
    "constants": {
        "A": 0.7200000286102295,
        "B": 0.17000000178813934,
        "C": 1,
        "D": 1,
        "E": 1,
        "F": 1,
        "S": 0
    },
    "equations": {
        "defU": "",
        "defV": "",
        "defW": "",
        "explicitU": "",
        "explicitV": "",
        "explicitW": "u+v",
        "p": "B*w+0.5",
        "x": "A*cos(u)/cosh(v)",
        "y": "A*sin(u)/cosh(v)",
        "z": "B*(v-tanh(v))"
    },
    "lightingMode": 0,
    "limits": {
        "uMax": 6.28318977355957,
        "uMin": -6.28318977355957,
        "vMax": 5,
        "vMin": -5,
        "wMax": 10,
        "wMin": -10
    },
    "name": "H2xR Slice",
    "projectionMode": 1,
    "renderMode": 1,
    "showBorder": false,
    "steps": 100,
    "type": "surface",
    "use4DLighting": false
}
