{
    "angles": {
        "omega": 0.10000000149011612,
        "phi": 0.10000000149011612,
        "psi": 0.10000000149011612
    },
    "camera3D": {
        "pitch": 0,
        "roll": 0,
        "rot_w": 0.12885414063930511,
        "rot_x": -0.5167638063430786,
        "rot_y": 0.5199928283691406,
        "rot_z": -0.6678018569946289,
        "x": 0,
        "y": 0,
        "yaw": 0,
        "z": 4
    },
    "colors": {
        "b": 0.20000000298023224,
        "g": 0.800000011920929,
        "r": 0.20000000298023224
    },
    "constants": {
        "A": 1,
        "B": 0.3400000035762787,
        "C": 0.46000000834465027,
        "D": 2,
        "E": 1.5,
        "F": 0,
        "S": 3.7899999618530273
    },
    "equations": {
        "defU": "u ",
        "defV": "v",
        "defW": "C * u * cos(2*v)",
        "explicitU": "",
        "explicitV": "",
        "explicitW": "",
        "p": "0",
        "x": "A * tanh(U/2) * cos(V)",
        "y": "A * tanh(U/2) * sin(V)",
        "z": "B * W"
    },
    "lightIntensity": 1,
    "lightingMode": 0,
    "limits": {
        "uMax": 8,
        "uMin": 0,
        "vMax": 6.28318977355957,
        "vMin": 0,
        "wMax": 0,
        "wMin": 0
    },
    "name": "Hyperbolic Saddle",
    "projectionMode": 1,
    "renderMode": 1,
    "showBorder": false,
    "steps": 272,
    "type": "surface",
    "use4DLighting": false
}
