{
    "angles": {
        "omega": 9.999999747378752e-05,
        "phi": 9.999999747378752e-05,
        "psi": 9.999999747378752e-05
    },
    "camera3D": {
        "pitch": 0,
        "roll": 0,
        "rot_w": -0.6171138882637024,
        "rot_x": -0.028359167277812958,
        "rot_y": -0.2930606007575989,
        "rot_z": -0.7297133803367615,
        "x": 0,
        "y": 0,
        "yaw": 0,
        "z": 62.800025939941406
    },
    "colors": {
        "b": 0.20000000298023224,
        "g": 0.800000011920929,
        "r": 0.20000000298023224
    },
    "constants": {
        "A": 5,
        "B": 2,
        "C": 1,
        "D": 0,
        "E": 0,
        "F": 0,
        "S": 0
    },
    "equations": {
        "defU": "u",
        "defV": "v",
        "defW": "u/2\n\n\n",
        "explicitU": "",
        "explicitV": "",
        "explicitW": "",
        "p": "C*sin(W)",
        "x": "(A + (B+C*cos(W))*cos(V)) * cos(U)",
        "y": "(A + (B+C*cos(W))*cos(V)) * sin(U)",
        "z": "(B+C*cos(W))*sin(V)"
    },
    "lightIntensity": 1,
    "lightingMode": 0,
    "limits": {
        "uMax": 12.566370964050293,
        "uMin": 0,
        "vMax": 6.2831854820251465,
        "vMin": 0,
        "wMax": 0,
        "wMin": 0
    },
    "name": "Klein Bottle",
    "projectionMode": 1,
    "renderMode": 1,
    "showBorder": false,
    "steps": 100,
    "type": "surface",
    "use4DLighting": false
}
