{
    "angles": {
        "omega": 9.999999747378752e-05,
        "phi": 9.999999747378752e-05,
        "psi": 9.999999747378752e-05
    },
    "camera3D": {
        "pitch": 0,
        "roll": 0,
        "rot_w": -0.849657416343689,
        "rot_x": 0.32851651310920715,
        "rot_y": 0.10814662277698517,
        "rot_z": -0.3980747163295746,
        "x": 0,
        "y": 0,
        "yaw": 0,
        "z": 4
    },
    "colors": {
        "b": 0.20000000298023224,
        "g": 0.800000011920929,
        "r": 0.20000000298023224
    },
    "constants": {
        "A": 4.760000228881836,
        "B": 4.940000057220459,
        "C": 1.7200000286102295,
        "D": 0.800000011920929,
        "E": 0,
        "F": 0,
        "S": 0
    },
    "equations": {
        "defU": "u - (u^3)/3 + u * (v^2)",
        "defV": "v - (v^3)/3 + (u^2) * v",
        "defW": "(u^2) - (v^2)\n",
        "explicitU": "",
        "explicitV": "",
        "explicitW": "",
        "p": "0.5",
        "x": "U * tanh(sqrt(U^2+V^2+W^2)/2) / (sqrt(U^2+V^2+W^2) + 0.00001)",
        "y": "V * tanh(sqrt(U^2+V^2+W^2)/2) / (sqrt(U^2+V^2+W^2) + 0.00001)",
        "z": "W * tanh(sqrt(U^2+V^2+W^2)/2) / (sqrt(U^2+V^2+W^2) + 0.00001)"
    },
    "lightingMode": 2,
    "limits": {
        "uMax": 2,
        "uMin": -2,
        "vMax": 2,
        "vMin": -2,
        "wMax": 0,
        "wMin": 0
    },
    "name": "Enneper",
    "projectionMode": 1,
    "renderMode": 1,
    "showBorder": false,
    "steps": 101,
    "type": "surface",
    "use4DLighting": false
}
