{
    "angles": {
        "omega": 9.999999747378752e-05,
        "phi": 9.999999747378752e-05,
        "psi": 9.999999747378752e-05
    },
    "camera3D": {
        "pitch": 0,
        "roll": 0,
        "rot_w": -0.5324613451957703,
        "rot_x": 0.7299781441688538,
        "rot_y": -0.21284082531929016,
        "rot_z": -0.3719082772731781,
        "x": 0,
        "y": 0,
        "yaw": 0,
        "z": 4
    },
    "colors": {
        "b": 0.20000000298023224,
        "g": 0.800000011920929,
        "r": 0.20000000298023224
    },
    "constants": {
        "A": 0.5,
        "B": 4.940000057220459,
        "C": 3.0999999046325684,
        "D": 0,
        "E": 0,
        "F": 0,
        "S": 0
    },
    "equations": {
        "defU": "u*cos(v)",
        "defV": "u*sin(v)",
        "defW": "A*v",
        "explicitU": "",
        "explicitV": "",
        "explicitW": "",
        "p": "0.5",
        "x": "U * tanh(sqrt(U^2+V^2+W^2)/2) / (sqrt(U^2+V^2+W^2) + 0.00001)",
        "y": "V * tanh(sqrt(U^2+V^2+W^2)/2) / (sqrt(U^2+V^2+W^2) + 0.00001)",
        "z": "W * tanh(sqrt(U^2+V^2+W^2)/2) / (sqrt(U^2+V^2+W^2) + 0.00001)"
    },
    "lightingMode": 0,
    "limits": {
        "uMax": 5,
        "uMin": 0,
        "vMax": 10,
        "vMin": -10,
        "wMax": 0,
        "wMin": 0
    },
    "name": "Helicoid",
    "projectionMode": 1,
    "renderMode": 1,
    "showBorder": false,
    "steps": 101,
    "type": "surface",
    "use4DLighting": false
}
