{
    "angles": {
        "omega": 9.999999747378752e-05,
        "phi": 9.999999747378752e-05,
        "psi": 9.999999747378752e-05
    },
    "camera3D": {
        "pitch": 0,
        "roll": 0,
        "rot_w": -0.01540952268987894,
        "rot_x": 0.1823846697807312,
        "rot_y": 0.4143812954425812,
        "rot_z": -0.8915079832077026,
        "x": 0,
        "y": 0,
        "yaw": 0,
        "z": 4
    },
    "colors": {
        "b": 0.20000000298023224,
        "g": 0.800000011920929,
        "r": 0.20000000298023224
    },
    "constants": {
        "A": 4.369999885559082,
        "B": 4.940000057220459,
        "C": 1.7200000286102295,
        "D": 4.480000019073486,
        "E": 0,
        "F": 0,
        "S": 0
    },
    "equations": {
        "defU": "C+(A + u * cos(v/2)) * cos(v)",
        "defV": "(A + u * cos(v/2)) * sin(v)",
        "defW": "u * sin(v/2)",
        "explicitU": "",
        "explicitV": "",
        "explicitW": "",
        "p": "0.5",
        "x": "U * tanh(sqrt(U^2+V^2+W^2)/2) / (sqrt(U^2+V^2+W^2) + 0.00001)",
        "y": "V * tanh(sqrt(U^2+V^2+W^2)/2) / (sqrt(U^2+V^2+W^2) + 0.00001)",
        "z": "W * tanh(sqrt(U^2+V^2+W^2)/2) / (sqrt(U^2+V^2+W^2) + 0.00001)"
    },
    "lightIntensity": 1,
    "lightingMode": 0,
    "limits": {
        "uMax": 2,
        "uMin": -2,
        "vMax": 6.2831854820251465,
        "vMin": 0,
        "wMax": 0,
        "wMin": 0
    },
    "name": "Mobius Band",
    "projectionMode": 1,
    "renderMode": 1,
    "showBorder": false,
    "steps": 101,
    "type": "surface",
    "use4DLighting": false
}
