{
    "angles": {
        "omega": 3.7799971103668213,
        "phi": 3.3399972915649414,
        "psi": 3.9499969482421875
    },
    "camera3D": {
        "pitch": 0,
        "roll": 0,
        "rot_w": 0.3514072299003601,
        "rot_x": -0.6907511353492737,
        "rot_y": -0.07992129772901535,
        "rot_z": 0.6268879771232605,
        "x": 0,
        "y": 0,
        "yaw": 0,
        "z": 4
    },
    "colors": {
        "b": 0.20000000298023224,
        "g": 0.800000011920929,
        "r": 0.20000000298023224
    },
    "constants": {
        "A": 1.2999999523162842,
        "B": 1,
        "C": 1,
        "D": 0,
        "E": 0,
        "F": 0,
        "S": 0
    },
    "equations": {
        "defU": "",
        "defV": "",
        "defW": "",
        "explicitU": "",
        "explicitV": "",
        "explicitW": "log(u+v)",
        "p": "0.5",
        "x": "A*tanh(w/2) * sin(v) * cos(u)",
        "y": "A*tanh(w/2) * sin(v) * sin(u)",
        "z": "A*tanh(w/2) * cos(v)"
    },
    "lightIntensity": 1,
    "lightingMode": 1,
    "limits": {
        "uMax": 6.28318977355957,
        "uMin": 0,
        "vMax": 3.141590118408203,
        "vMin": 0,
        "wMax": 0,
        "wMin": 0
    },
    "name": "Slice",
    "projectionMode": 1,
    "renderMode": 1,
    "showBorder": false,
    "steps": 101,
    "type": "surface",
    "use4DLighting": false
}
