{
    "angles": {
        "omega": 9.999999747378752e-05,
        "phi": 9.999999747378752e-05,
        "psi": 9.999999747378752e-05
    },
    "camera3D": {
        "pitch": 0,
        "roll": 0,
        "rot_w": -0.10777774453163147,
        "rot_x": 0.6760131120681763,
        "rot_y": -0.7277899980545044,
        "rot_z": -0.04137502610683441,
        "x": 0,
        "y": 0,
        "yaw": 0,
        "z": 4
    },
    "colors": {
        "b": 0.20000000298023224,
        "g": 0.800000011920929,
        "r": 0.20000000298023224
    },
    "constants": {
        "A": 7.360000133514404,
        "B": 4.940000057220459,
        "C": 3.0999999046325684,
        "D": 0,
        "E": 0,
        "F": 0,
        "S": 0
    },
    "equations": {
        "defU": "B+A*sin(v)*cos(u)",
        "defV": "A*sin(v)*sin(u)",
        "defW": "A*cos(v)",
        "explicitU": "",
        "explicitV": "",
        "explicitW": "",
        "p": "0.5",
        "x": "U * tanh(sqrt(U^2+V^2+W^2)/2) / (sqrt(U^2+V^2+W^2) + 0.00001)",
        "y": "V * tanh(sqrt(U^2+V^2+W^2)/2) / (sqrt(U^2+V^2+W^2) + 0.00001)",
        "z": "W * tanh(sqrt(U^2+V^2+W^2)/2) / (sqrt(U^2+V^2+W^2) + 0.00001)"
    },
    "lightIntensity": 1,
    "lightingMode": 0,
    "limits": {
        "uMax": 6.28318977355957,
        "uMin": 0,
        "vMax": 3.141590118408203,
        "vMin": 0,
        "wMax": 0,
        "wMin": 0
    },
    "name": "Sphere",
    "projectionMode": 1,
    "renderMode": 1,
    "showBorder": false,
    "steps": 101,
    "type": "surface",
    "use4DLighting": false
}
