{
    "angles": {
        "omega": 9.999999747378752e-05,
        "phi": 9.999999747378752e-05,
        "psi": 9.999999747378752e-05
    },
    "camera3D": {
        "pitch": 0,
        "roll": 0,
        "rot_w": 0.8774796724319458,
        "rot_x": 0.08025339990854263,
        "rot_y": 0.18876273930072784,
        "rot_z": 0.4335404932498932,
        "x": 0,
        "y": 0,
        "yaw": 0,
        "z": 4
    },
    "colors": {
        "b": 0.20000000298023224,
        "g": 0.800000011920929,
        "r": 0.20000000298023224
    },
    "constants": {
        "A": 3.0999999046325684,
        "B": 1.4900000095367432,
        "C": 2.759999990463257,
        "D": 0,
        "E": 0,
        "F": 0,
        "S": 3.7899999618530273
    },
    "equations": {
        "defU": "C+(A + B*cos(v)) * cos(u)",
        "defV": "(A + B*cos(v)) * sin(u)",
        "defW": "B*sin(v)",
        "explicitU": "",
        "explicitV": "",
        "explicitW": "",
        "p": "0",
        "x": "U * tanh(sqrt(U^2+V^2+W^2)/2) / (sqrt(U^2+V^2+W^2) + 0.00001)",
        "y": "V * tanh(sqrt(U^2+V^2+W^2)/2) / (sqrt(U^2+V^2+W^2) + 0.00001)",
        "z": "W * tanh(sqrt(U^2+V^2+W^2)/2) / (sqrt(U^2+V^2+W^2) + 0.00001)"
    },
    "lightIntensity": 1,
    "lightingMode": 2,
    "limits": {
        "uMax": 6.28318977355957,
        "uMin": 0,
        "vMax": 6.2831854820251465,
        "vMin": 0,
        "wMax": 0,
        "wMin": 0
    },
    "name": "Torus",
    "projectionMode": 1,
    "renderMode": 1,
    "showBorder": false,
    "steps": 101,
    "type": "surface",
    "use4DLighting": false
}
