{
    "angles": {
        "omega": 0.009999999776482582,
        "phi": 0.009999999776482582,
        "psi": 0.009999999776482582
    },
    "camera3D": {
        "pitch": 0,
        "roll": 0,
        "rot_w": -0.8860918283462524,
        "rot_x": 0.40507254004478455,
        "rot_y": -0.024134725332260132,
        "rot_z": 0.2239980697631836,
        "x": 0,
        "y": 0,
        "yaw": 0,
        "z": 4
    },
    "colors": {
        "b": 0.20000000298023224,
        "g": 0.800000011920929,
        "r": 0.20000000298023224
    },
    "constants": {
        "A": 0.800000011920929,
        "B": 0.5,
        "C": 0,
        "D": 0,
        "E": 0,
        "F": 0,
        "S": 0
    },
    "equations": {
        "defU": "",
        "defV": "",
        "defW": "",
        "explicitU": "",
        "explicitV": "",
        "explicitW": "",
        "p": "B*cos(v)",
        "x": "(A + B*sin(v)*cos(u/2))*cos(u)",
        "y": "(A + B*sin(v)*cos(u/2))*sin(u)",
        "z": "B*sin(v)*sin(u/2)"
    },
    "lightIntensity": 1,
    "lightingMode": 0,
    "limits": {
        "uMax": 6.2831854820251465,
        "uMin": 0,
        "vMax": 6.2831854820251465,
        "vMin": 0,
        "wMax": 0,
        "wMin": 0
    },
    "name": "Klein Bottle 4D_1",
    "projectionMode": 1,
    "renderMode": 1,
    "showBorder": false,
    "steps": 100,
    "type": "surface",
    "use4DLighting": false
}
