{
    "angles": {
        "omega": 0.009999999776482582,
        "phi": 0.009999999776482582,
        "psi": 0.009999999776482582
    },
    "camera3D": {
        "pitch": 0,
        "roll": 0,
        "rot_w": 0.028198815882205963,
        "rot_x": 0.4680202603340149,
        "rot_y": 0.837381899356842,
        "rot_z": -0.28098660707473755,
        "x": 0,
        "y": -0.6000000834465027,
        "yaw": 0,
        "z": 4
    },
    "colors": {
        "b": 0.20000000298023224,
        "g": 0.800000011920929,
        "r": 0.20000000298023224
    },
    "constants": {
        "A": 1,
        "B": 0.5,
        "C": 1,
        "D": 0,
        "E": 0,
        "F": 0,
        "S": 0
    },
    "equations": {
        "defU": "u",
        "defV": "1.57 + 1.2 * sin(5 * u)",
        "defW": "v",
        "explicitU": "",
        "explicitV": "",
        "explicitW": "",
        "p": "B*sin(V)*sin(W)",
        "x": "(A + B*cos(V))*cos(U)",
        "y": "(A + B*cos(V))*sin(U)",
        "z": "B*sin(V)*cos(W)"
    },
    "lightIntensity": 1,
    "lightingMode": 0,
    "limits": {
        "uMax": 6.28318977355957,
        "uMin": 0,
        "vMax": 6.28318977355957,
        "vMin": 0,
        "wMax": 0,
        "wMin": 0
    },
    "name": "Toric Wave",
    "projectionMode": 1,
    "renderMode": 1,
    "showBorder": false,
    "steps": 100,
    "type": "surface",
    "use4DLighting": false
}
